{"accuracy": [0.2497907429933548], "loss": [2.1001312732696533], "val_accuracy": [0.3677455484867096], "val_loss": [1.560150384902954]}