{"accuracy": [0.2660784125328064, 0.3473636209964752, 0.38305166363716125, 0.4089779853820801, 0.4290262758731842, 0.451628714799881, 0.4633847773075104, 0.47713515162467957, 0.4851124882698059, 0.49469926953315735, 0.5026066303253174, 0.5119835138320923, 0.5185263156890869, 0.5227948427200317, 0.5314019918441772, 0.5358105301856995, 0.5436478853225708, 0.5460620522499084, 0.5483713150024414, 0.5518001317977905, 0.5088587999343872, 0.5139778256416321, 0.5165669322013855, 0.523319661617279, 0.5273783206939697, 0.5339910984039307, 0.5330114364624023, 0.5404289364814758, 0.5397291779518127, 0.5460270643234253, 0.5487911701202393, 0.552359938621521, 0.5492110252380371, 0.5553339719772339, 0.5596375465393066, 0.5579230785369873, 0.5635561943054199, 0.5671600103378296, 0.5677198171615601, 0.568839430809021], "loss": [1.8527867794036865, 1.6040011644363403, 1.5315897464752197, 1.472593069076538, 1.4352384805679321, 1.391781210899353, 1.362545371055603, 1.3400154113769531, 1.3154919147491455, 1.2943685054779053, 1.275883436203003, 1.2598856687545776, 1.248706340789795, 1.2291057109832764, 1.217698335647583, 1.2095462083816528, 1.1988565921783447, 1.1844353675842285, 1.177353858947754, 1.1702210903167725, 1.2690120935440063, 1.2582848072052002, 1.2506651878356934, 1.2379329204559326, 1.2253923416137695, 1.2176011800765991, 1.2111918926239014, 1.2005048990249634, 1.2015089988708496, 1.1870025396347046, 1.1789807081222534, 1.1737701892852783, 1.1722493171691895, 1.164052128791809, 1.154599666595459, 1.1542423963546753, 1.1484220027923584, 1.1406394243240356, 1.1368812322616577, 1.135231852531433], "val_accuracy": [0.2767857015132904, 0.4148995578289032, 0.42299914360046387, 0.4620051980018616, 0.4822305738925934, 0.4874313771724701, 0.5122796893119812, 0.5108349919319153, 0.5333718657493591, 0.5229702591896057, 0.5405952334403992, 0.5489742755889893, 0.5489742755889893, 0.5391505360603333, 0.5602427124977112, 0.5697775483131409, 0.5752672553062439, 0.5741115212440491, 0.5720890164375305, 0.5663102865219116, 0.5463169813156128, 0.5474330186843872, 0.5518636107444763, 0.5489742755889893, 0.5556197762489319, 0.5596648454666138, 0.5611094832420349, 0.5648656487464905, 0.5642877817153931, 0.5703554153442383, 0.5729557871818542, 0.5772898197174072, 0.5775787234306335, 0.5764229893684387, 0.5824906229972839, 0.5811942219734192, 0.5920253992080688, 0.5882692933082581, 0.5862467288970947, 0.5937590003013611], "val_loss": [1.741718053817749, 1.4840818643569946, 1.4157397747039795, 1.3586622476577759, 1.315571904182434, 1.2914425134658813, 1.2400457859039307, 1.2220388650894165, 1.1875742673873901, 1.1973122358322144, 1.1634644269943237, 1.15929114818573, 1.1565654277801514, 1.1780725717544556, 1.1474050283432007, 1.1276721954345703, 1.0963319540023804, 1.1038187742233276, 1.1115262508392334, 1.114733338356018, 1.1579573154449463, 1.1316584348678589, 1.1292357444763184, 1.1478734016418457, 1.118557333946228, 1.1242115497589111, 1.1195645332336426, 1.11432945728302, 1.094645619392395, 1.0909324884414673, 1.089856743812561, 1.0971102714538574, 1.0950946807861328, 1.076141357421875, 1.0731842517852783, 1.0864216089248657, 1.05623197555542, 1.074081301689148, 1.0687272548675537, 1.0556495189666748]}